# Origin	Destination	menuOption menuTarget objectID	Skills	Items	Quests	Varbits	VarPlayers	Duration	Display info
# Tutorial island									
3088 3119 0	3088 9520 0	Climb-down Ladder 9726						2	
# Kebos									
1312 3686 0	1312 10086 0	Enter Lizard dwelling 34405						2	
1292 10091 0	1292 10093 0	Pass Mystical barrier 34642						1	
1292 10093 0	1292 10091 0	Pass Mystical barrier 34642						1	
# Prifddinas Gauntlet lobby									
3229 6114 0	3032 6125 1	Enter Gauntlet Portal 36081						1	
3032 6123 1	3228 6116 0	Channel Teleport Platform 36082						1	
# Aubury door									
3253 3398 0	3253 3399 0	Open Door 11780						1	
3253 3399 0	3253 3398 0	Open Door 11780						1	
# Lumbridge stairs									
3205 3228 0	3206 3229 1	Climb-up Staircase 56230						1	
3205 3228 0	3206 3229 2	Top-floor Staircase 56230						1	
3206 3229 0	3206 3229 1	Climb-up Staircase 56230						1	
3206 3229 2	3205 3228 1	Climb-down Staircase 56231						1	
3205 3209 0	3205 3209 1	Climb-up Staircase 56230						1	
3205 3209 0	3205 3209 2	Top-floor Staircase 56230						1	
3205 3209 1	3206 3208 0	Climb-down Staircase 16672						1	
3205 3209 1	3205 3209 2	Climb-up Staircase 16672						1	
3205 3208 2	3204 3207 1	Climb-down Staircase 56231						1	
3205 3208 2	3206 3208 0	Bottom-floor Staircase 56231						1	
# Digsite									
3295 3428 0	3296 3428 0	Open Gate 24560				3637>152		2	
3296 3428 0	3295 3428 0	Open Gate 24560				3637>152		2	
3295 3429 0	3296 3429 0	Open Gate 24561				3637>152		2	
3296 3429 0	3295 3429 0	Open Gate 24561				3637>152		2	
# Wizards Tower basement									
3104 9573 0	3615 9470 0	Enter Portal 43765			Temple of the Eye			1	
# Corp cave									
3201 3679 0	2963 4382 2	Enter Cave 678						1	
2963 4382 2	3201 3679 0	Exit Cave exit 679						1	
# Castle Drakan portal									
2527 7838 0	3160 7711 0	Enter Portal 61216						1	
3162 7711 0	2527 7838 0	Enter Portal 61216						1	
# East Ardougne									
2683 3263 1	2683 3266 0	Cross Gangplank 2086						3	
2663 3266 0	2683 3263 1	Cross Gangplank 2085						3	
# Baxtorian Falls									
2513 3495 0	2513 3494 0	Open Gate 1560						1	
2513 3494 0	2513 3495 0	Open Gate 1560						1	
# Ferox Enclave link to Ferox Underground									
3152 3644 0	3164 10043 0	Walk-down Stairs 39647						3	
3164 10043 0	3152 3644 0	Exit Opening 39648						3	
# Ferox Underground link to Soul Wars portal									
3158 10027 0	2206 2858 0	Enter Soul Wars Portal 40475						1	
# Soul Wars portal exits									
2206 2858 0	3158 10027 0	Enter Portal 40476						1	Ferox Enclave.
2206 2858 0	3081 3475 0	Enter Portal 40476						1	Edgeville.
# Edgeville to Soul Wars									
3081 3475 0	2206 2858 0	Enter Soul Wars Portal 40474						1	
# Al Kharid gate									
3267 3228 0	3268 3228 0	Pay-toll(10gp) Gate 44053		COINS=10			273<100	2	
3268 3228 0	3267 3228 0	Pay-toll(10gp) Gate 44053		COINS=10			273<100	2	
3267 3228 0	3268 3228 0	Open Gate 44051					273>=100	1	
3268 3228 0	3267 3228 0	Open Gate 44051					273>=100	1	
# Draynor Manor basement last door									
3099 9755 0	3101 9755 0	Open Door 11450						1	
3101 9755 0	3099 9755 0	Open Door 11450						1	
# Arceuus Library									
# NW									
1617 3825 0	1610 3825 1	Climb Stairs 27853						1	
1617 3825 0	1610 3825 1	Climb Stairs 27854						1	
1610 3825 1	1617 3825 0	Climb Stairs 27855						1	
1610 3825 1	1617 3825 0	Climb Stairs 27856						1	
1615 3819 1	1608 3819 2	Climb Stairs 27851						1	
1608 3819 2	1615 3819 1	Climb Stairs 27852						1	
# NE									
1644 3818 0	1643 3825 1	Climb Stairs 27853						1	
1644 3818 0	1643 3825 1	Climb Stairs 27854						1	
1643 3825 1	1644 3818 0	Climb Stairs 27855						1	
1643 3825 1	1644 3818 0	Climb Stairs 27856						1	
1643 3828 1	1650 3828 2	Climb Stairs 27851						1	
1650 3828 2	1643 3828 1	Climb Stairs 27852						1	
# SW									
1617 3795 0	1610 3795 1	Climb Stairs 27853						1	
1617 3795 0	1610 3795 1	Climb Stairs 27854						1	
1610 3795 1	1617 3795 0	Climb Stairs 27855						1	
1610 3795 1	1617 3795 0	Climb Stairs 27856						1	
1621 3791 1	1621 3798 2	Climb Stairs 27851						1	
1621 3798 2	1621 3791 1	Climb Stairs 27852						1	
# Center									
1638 3810 1	1638 3803 2	Climb Stairs 27851						1	
1638 3803 2	1638 3810 1	Climb Stairs 27852						1	
# Piscatoris falconry stile									
2371 3622 0	2371 3619 0	Climb-over Stile 19222						3	
2371 3619 0	2371 3622 0	Climb-over Stile 19222						3	
# Mahogany Homes houses									
1787 3592 0	1787 3592 1	Climb-up Ladder 11794						1	
1787 3592 1	1787 3592 0	Climb-down Ladder 11802						1	
2617 3316 0	2617 3316 1	Climb-up Ladder 16683						1	
2617 3316 1	2617 3316 0	Climb-down Ladder 16679						1	
1766 3620 0	1766 3620 1	Climb-up Ladder 11794						1	
1766 3620 1	1766 3620 0	Climb-down Ladder 11802						1	
2610 3316 0	2611 3316 0	Open Door 40178						1	
2611 3316 0	2610 3316 0	Open Door 40178						1	
# Port Phasmatys									
3671 3544 0	3661 3277 0	Travel Row boat 32601				10150>0		5	
3672 3544 0	3661 3277 0	Travel Row boat 32601				10150>0		5	
3661 3278 0	3671 3542 0	Travel Row boat 32602				10150>0		5	
3659 3509 0	3659 3507 0	Pass Energy Barrier 16105			Ghosts Ahoy			2	
3660 3509 0	3660 3507 0	Pass Energy Barrier 16105			Ghosts Ahoy			2	
3659 3507 0	3659 3509 0	Pass Energy Barrier 16105			Ghosts Ahoy			2	
3660 3507 0	3660 3509 0	Pass Energy Barrier 16105			Ghosts Ahoy			2	
3651 3486 0	3653 3486 0	Pass Energy Barrier 16105			Ghosts Ahoy			2	
3651 3485 0	3653 3485 0	Pass Energy Barrier 16105			Ghosts Ahoy			2	
3653 3486 0	3651 3486 0	Pass Energy Barrier 16105			Ghosts Ahoy			2	
3653 3485 0	3651 3485 0	Pass Energy Barrier 16105			Ghosts Ahoy			2	
3669 3452 0	3669 3454 0	Pass Energy Barrier 16105			Ghosts Ahoy			2	
3670 3452 0	3670 3454 0	Pass Energy Barrier 16105			Ghosts Ahoy			2	
3669 3454 0	3669 3452 0	Pass Energy Barrier 16105			Ghosts Ahoy			2	
3670 3454 0	3670 3452 0	Pass Energy Barrier 16105			Ghosts Ahoy			2	
3659 3509 0	3659 3507 0	Pay-toll(2-Ecto) Energy Barrier 16105			Ghosts Ahoy<1			2	
3660 3509 0	3660 3507 0	Pay-toll(2-Ecto) Energy Barrier 16105			Ghosts Ahoy<1			2	
3659 3507 0	3659 3509 0	Pay-toll(2-Ecto) Energy Barrier 16105			Ghosts Ahoy<1			2	
3660 3507 0	3660 3509 0	Pay-toll(2-Ecto) Energy Barrier 16105			Ghosts Ahoy<1			2	
3651 3486 0	3653 3486 0	Pay-toll(2-Ecto) Energy Barrier 16105			Ghosts Ahoy<1			2	
3651 3485 0	3653 3485 0	Pay-toll(2-Ecto) Energy Barrier 16105			Ghosts Ahoy<1			2	
3653 3486 0	3651 3486 0	Pay-toll(2-Ecto) Energy Barrier 16105			Ghosts Ahoy<1			2	
3653 3485 0	3651 3485 0	Pay-toll(2-Ecto) Energy Barrier 16105			Ghosts Ahoy<1			2	
3669 3452 0	3669 3454 0	Pay-toll(2-Ecto) Energy Barrier 16105			Ghosts Ahoy<1			2	
3670 3452 0	3670 3454 0	Pay-toll(2-Ecto) Energy Barrier 16105			Ghosts Ahoy<1			2	
3669 3454 0	3669 3452 0	Pay-toll(2-Ecto) Energy Barrier 16105			Ghosts Ahoy<1			2	
3670 3454 0	3670 3452 0	Pay-toll(2-Ecto) Energy Barrier 16105			Ghosts Ahoy<1			2	
# Gnome Stronghold									
2435 3519 0	1987 5568 0	Pass-through Opening 28656						2	
1987 5568 0	2435 3519 0	Pass-through Opening 28656						2	
2026 5611 0	2128 5647 0	Enter Cavern entrance 28686						2	
2129 5646 0	2026 5611 0	Climb-up Rope 28687						2	
# Req overrides									
2899 3713 0	2904 3720 0	Crawl-through Little crack 26382	60 Agility						
2904 3720 0	2899 3713 0	Crawl-through Little crack 26382	60 Agility						
2899 3715 0	2898 3719 0	Move Boulder 26415	70 Strength						
2898 3719 0	2898 3715 0	Move Boulder 26415	70 Strength						
2898 3715 0	2898 3719 0	Move Boulder 26415	70 Strength						
2899 3719 0	2898 3715 0	Move Boulder 26415	70 Strength						
2900 3719 0	2898 3715 0	Move Boulder 26415	70 Strength						
3220 10088 0	3220 10084 0	Jump-to Pillar 31561	65 Agility					4	
3220 10084 0	3220 10088 0	Jump-to Pillar 31561	65 Agility					4	
3200 10196 0	3204 10196 0	Jump-to Pillar 31561	75 Agility					4	
3204 10196 0	3200 10196 0	Jump-to Pillar 31561	75 Agility					4	
3180 10211 0	3180 10207 0	Jump-to Pillar 31561	75 Agility					4	
3180 10207 0	3180 10211 0	Jump-to Pillar 31561	75 Agility					4	
3198 10136 0	3202 10136 0	Jump-to Pillar 31561	75 Agility					4	
3202 10136 0	3198 10136 0	Jump-to Pillar 31561	75 Agility					4	
3239 10145 0	3243 10145 0	Jump-to Pillar 31561	89 Agility					4	
3243 10145 0	3239 10145 0	Jump-to Pillar 31561	89 Agility					4	
# Vale totems agility									
1369 3296 0	1369 3294 0	Climb-over Broken wall 56996	24 Agility					2	
1369 3294 0	1369 3296 0	Climb-over Broken wall 56996	24 Agility					2	
1387 3301 0	1387 3303 0	Climb-over Broken wall 56996	24 Agility					2	
1387 3303 0	1387 3301 0	Climb-over Broken wall 56996	24 Agility					2	
1389 3309 0	1391 3309 0	Climb-over Broken wall 56997	24 Agility					2	
1391 3309 0	1389 3309 0	Climb-over Broken wall 56997	24 Agility					2	
1399 3309 0	1393 3309 0	Cross Stepping stone 56988	36 Agility					7	
1393 3309 0	1399 3309 0	Cross Stepping stone 56988	36 Agility					7	
1401 3291 0	1401 3283 0	Walk-across Log balance 56990	45 Agility					9	
1401 3283 0	1401 3291 0	Walk-across Log balance 56990	45 Agility					9	
1453 3329 0	1453 3336 0	Walk-across Log balance 56991	45 Agility					8	
1453 3336 0	1453 3329 0	Walk-across Log balance 56991	45 Agility					8	
1396 3323 0	1391 3323 0	Climb Rocks 56994	41 Agility					6	
1391 3323 0	1396 3323 0	Climb Rocks 56994	41 Agility					6	
1368 3327 0	1368 3323 0	Climb-into Tunnel 56989	33 Agility					5	
1368 3323 0	1368 3327 0	Climb-into Tunnel 56989	33 Agility					5	
# Mountain Guide between Nemus Retreat and Quetzacalli Gorge									
1486 3232 0	1361 3309 0	Follow Mountain Guide 14529						5	
1361 3309 0	1486 3232 0	Follow Mountain Guide 14529						5	
# Guthixian Temple demon platform									
4065 4555 0	4065 4554 1	Climb-up Wall 53623						2	
4066 4553 1	4066 4552 2	Climb-up Wall 53624						2	
4063 4550 2	4061 4466 0	Climb-through Opening 53622						2	
# Stronghold of Security									
1859 5235 0	1859 5236 0	Open Gate of War 19207						1	Level 1: Vault of War
1859 5236 0	1859 5235 0	Open Gate of War 19207						1	Level 1: Vault of War
1859 5238 0	1859 5239 0	Open Gate of War 19207						1	Level 1: Vault of War
1859 5239 0	1859 5238 0	Open Gate of War 19207						1	Level 1: Vault of War
1864 5227 0	1865 5227 0	Open Gate of War 19207						1	Level 1: Vault of War
1865 5227 0	1864 5227 0	Open Gate of War 19207						1	Level 1: Vault of War
1866 5218 0	1867 5218 0	Open Gate of War 19207						1	Level 1: Vault of War
1867 5218 0	1866 5218 0	Open Gate of War 19207						1	Level 1: Vault of War
1867 5227 0	1868 5227 0	Open Gate of War 19207						1	Level 1: Vault of War
1868 5227 0	1867 5227 0	Open Gate of War 19207						1	Level 1: Vault of War
1869 5218 0	1870 5218 0	Open Gate of War 19207						1	Level 1: Vault of War
1870 5218 0	1869 5218 0	Open Gate of War 19207						1	Level 1: Vault of War
1875 5240 0	1876 5240 0	Open Gate of War 19207						1	Level 1: Vault of War
1876 5240 0	1875 5240 0	Open Gate of War 19207						1	Level 1: Vault of War
1878 5240 0	1879 5240 0	Open Gate of War 19207						1	Level 1: Vault of War
1879 5240 0	1878 5240 0	Open Gate of War 19207						1	Level 1: Vault of War
1883 5243 0	1884 5243 0	Open Gate of War 19206						1	Level 1: Vault of War
1884 5243 0	1883 5243 0	Open Gate of War 19206						1	Level 1: Vault of War
1886 5243 0	1887 5243 0	Open Gate of War 19206						1	Level 1: Vault of War
1887 5243 0	1886 5243 0	Open Gate of War 19206						1	Level 1: Vault of War
1903 5242 0	1904 5242 0	Open Gate of War 19206						1	Level 1: Vault of War
1904 5242 0	1903 5242 0	Open Gate of War 19206						1	Level 1: Vault of War
1905 5230 0	1905 5231 0	Open Gate of War 19207						1	Level 1: Vault of War
1905 5231 0	1905 5230 0	Open Gate of War 19207						1	Level 1: Vault of War
1905 5233 0	1905 5234 0	Open Gate of War 19207						1	Level 1: Vault of War
1905 5234 0	1905 5233 0	Open Gate of War 19207						1	Level 1: Vault of War
1907 5242 0	1908 5242 0	Open Gate of War 19206						1	Level 1: Vault of War
1908 5242 0	1907 5242 0	Open Gate of War 19206						1	Level 1: Vault of War
1863 5239 0	1914 5222 0	Use Portal 20786				2309>0		1	Level 1: Vault of War - maze shortcut
2006 5234 0	2006 5235 0	Open Rickety door 17009						1	Level 2: Catacomb of Famine
2006 5235 0	2006 5234 0	Open Rickety door 17009						1	Level 2: Catacomb of Famine
2006 5237 0	2006 5238 0	Open Rickety door 17100						1	Level 2: Catacomb of Famine
2006 5238 0	2006 5237 0	Open Rickety door 17100						1	Level 2: Catacomb of Famine
2014 5239 0	2014 5240 0	Open Rickety door 17009						1	Level 2: Catacomb of Famine
2014 5240 0	2014 5239 0	Open Rickety door 17009						1	Level 2: Catacomb of Famine
2014 5242 0	2014 5243 0	Open Rickety door 17100						1	Level 2: Catacomb of Famine
2014 5243 0	2014 5242 0	Open Rickety door 17100						1	Level 2: Catacomb of Famine
2015 5228 0	2016 5228 0	Open Rickety door 17100						1	Level 2: Catacomb of Famine
2016 5228 0	2015 5228 0	Open Rickety door 17100						1	Level 2: Catacomb of Famine
2018 5228 0	2019 5228 0	Open Rickety door 17009						1	Level 2: Catacomb of Famine
2019 5228 0	2018 5228 0	Open Rickety door 17009						1	Level 2: Catacomb of Famine
2020 5239 0	2020 5240 0	Open Rickety door 17009						1	Level 2: Catacomb of Famine
2020 5240 0	2020 5239 0	Open Rickety door 17009						1	Level 2: Catacomb of Famine
2020 5242 0	2020 5243 0	Open Rickety door 17100						1	Level 2: Catacomb of Famine
2020 5243 0	2020 5242 0	Open Rickety door 17100						1	Level 2: Catacomb of Famine
2027 5238 0	2027 5239 0	Open Rickety door 17009						1	Level 2: Catacomb of Famine
2027 5239 0	2027 5238 0	Open Rickety door 17009						1	Level 2: Catacomb of Famine
2027 5241 0	2027 5242 0	Open Rickety door 17100						1	Level 2: Catacomb of Famine
2027 5242 0	2027 5241 0	Open Rickety door 17100						1	Level 2: Catacomb of Famine
2036 5244 0	2037 5244 0	Open Rickety door 17009						1	Level 2: Catacomb of Famine
2037 5244 0	2036 5244 0	Open Rickety door 17009						1	Level 2: Catacomb of Famine
2039 5244 0	2040 5244 0	Open Rickety door 17100						1	Level 2: Catacomb of Famine
2040 5244 0	2039 5244 0	Open Rickety door 17100						1	Level 2: Catacomb of Famine
2040 5240 0	2021 5223 0	Use Portal 19005				2310>0		1	Level 2: Catacomb of Famine - maze shortcut
2123 5287 0	2124 5287 0	Open Oozing barrier 23654						1	Level 3: Pit of Pestilence
2124 5287 0	2123 5287 0	Open Oozing barrier 23654						1	Level 3: Pit of Pestilence
2126 5287 0	2127 5287 0	Open Oozing barrier 23654						1	Level 3: Pit of Pestilence
2127 5287 0	2126 5287 0	Open Oozing barrier 23654						1	Level 3: Pit of Pestilence
2130 5296 0	2131 5296 0	Open Oozing barrier 23653						1	Level 3: Pit of Pestilence
2131 5296 0	2130 5296 0	Open Oozing barrier 23653						1	Level 3: Pit of Pestilence
2132 5256 0	2132 5257 0	Open Oozing barrier 23653						1	Level 3: Pit of Pestilence
2132 5257 0	2132 5256 0	Open Oozing barrier 23653						1	Level 3: Pit of Pestilence
2132 5259 0	2132 5260 0	Open Oozing barrier 23653						1	Level 3: Pit of Pestilence
2132 5260 0	2132 5259 0	Open Oozing barrier 23653						1	Level 3: Pit of Pestilence
2132 5278 0	2133 5278 0	Open Oozing barrier 23653						1	Level 3: Pit of Pestilence
2133 5278 0	2132 5278 0	Open Oozing barrier 23653						1	Level 3: Pit of Pestilence
2133 5281 0	2133 5282 0	Open Oozing barrier 23653						1	Level 3: Pit of Pestilence
2133 5282 0	2133 5281 0	Open Oozing barrier 23653						1	Level 3: Pit of Pestilence
2137 5263 0	2138 5263 0	Open Oozing barrier 23654						1	Level 3: Pit of Pestilence
2138 5263 0	2137 5263 0	Open Oozing barrier 23654						1	Level 3: Pit of Pestilence
2137 5294 0	2138 5294 0	Open Oozing barrier 23654						1	Level 3: Pit of Pestilence
2138 5294 0	2137 5294 0	Open Oozing barrier 23654						1	Level 3: Pit of Pestilence
2140 5263 0	2141 5263 0	Open Oozing barrier 23654						1	Level 3: Pit of Pestilence
2141 5263 0	2140 5263 0	Open Oozing barrier 23654						1	Level 3: Pit of Pestilence
2140 5294 0	2141 5294 0	Open Oozing barrier 23654						1	Level 3: Pit of Pestilence
2141 5294 0	2140 5294 0	Open Oozing barrier 23654						1	Level 3: Pit of Pestilence
2148 5291 0	2149 5291 0	Open Oozing barrier 23654						1	Level 3: Pit of Pestilence
2149 5291 0	2148 5291 0	Open Oozing barrier 23654						1	Level 3: Pit of Pestilence
2148 5298 0	2148 5299 0	Open Oozing barrier 23653						1	Level 3: Pit of Pestilence
2148 5299 0	2148 5298 0	Open Oozing barrier 23653						1	Level 3: Pit of Pestilence
2148 5301 0	2148 5302 0	Open Oozing barrier 23653						1	Level 3: Pit of Pestilence
2148 5302 0	2148 5301 0	Open Oozing barrier 23653						1	Level 3: Pit of Pestilence
2152 5291 0	2153 5291 0	Open Oozing barrier 23653						1	Level 3: Pit of Pestilence
2153 5291 0	2152 5291 0	Open Oozing barrier 23653						1	Level 3: Pit of Pestilence
2153 5263 0	2154 5263 0	Open Oozing barrier 23653						1	Level 3: Pit of Pestilence
2154 5263 0	2153 5263 0	Open Oozing barrier 23653						1	Level 3: Pit of Pestilence
2155 5288 0	2155 5289 0	Open Oozing barrier 23653						1	Level 3: Pit of Pestilence
2155 5289 0	2155 5288 0	Open Oozing barrier 23653						1	Level 3: Pit of Pestilence
2156 5263 0	2157 5263 0	Open Oozing barrier 23653						1	Level 3: Pit of Pestilence
2157 5263 0	2156 5263 0	Open Oozing barrier 23653						1	Level 3: Pit of Pestilence
2156 5285 0	2156 5286 0	Open Oozing barrier 23654						1	Level 3: Pit of Pestilence
2156 5286 0	2156 5285 0	Open Oozing barrier 23654						1	Level 3: Pit of Pestilence
2164 5274 0	2164 5275 0	Open Oozing barrier 23654						1	Level 3: Pit of Pestilence
2164 5275 0	2164 5274 0	Open Oozing barrier 23654						1	Level 3: Pit of Pestilence
2164 5277 0	2164 5278 0	Open Oozing barrier 23654						1	Level 3: Pit of Pestilence
2164 5278 0	2164 5277 0	Open Oozing barrier 23654						1	Level 3: Pit of Pestilence
2166 5261 0	2166 5262 0	Open Oozing barrier 23653						1	Level 3: Pit of Pestilence
2166 5262 0	2166 5261 0	Open Oozing barrier 23653						1	Level 3: Pit of Pestilence
2167 5259 0	2167 5260 0	Open Oozing barrier 23653						1	Level 3: Pit of Pestilence
2167 5260 0	2167 5259 0	Open Oozing barrier 23653						1	Level 3: Pit of Pestilence
2167 5271 0	2168 5271 0	Open Oozing barrier 23653						1	Level 3: Pit of Pestilence
2168 5271 0	2167 5271 0	Open Oozing barrier 23653						1	Level 3: Pit of Pestilence
2120 5257 0	2146 5287 0	Use Portal 23707				2311>0		1	Level 3: Pit of Pestilence - maze shortcut
2308 5206 0	2309 5206 0	Open Portal of Death 23727						1	Level 4: Sepulchre of Death
2309 5206 0	2308 5206 0	Open Portal of Death 23727						1	Level 4: Sepulchre of Death
2311 5204 0	2312 5204 0	Open Portal of Death 23728						1	Level 4: Sepulchre of Death
2312 5204 0	2311 5204 0	Open Portal of Death 23728						1	Level 4: Sepulchre of Death
2319 5212 0	2319 5213 0	Open Portal of Death 23728						1	Level 4: Sepulchre of Death
2319 5213 0	2319 5212 0	Open Portal of Death 23728						1	Level 4: Sepulchre of Death
2319 5215 0	2319 5216 0	Open Portal of Death 23728						1	Level 4: Sepulchre of Death
2319 5216 0	2319 5215 0	Open Portal of Death 23728						1	Level 4: Sepulchre of Death
2324 5239 0	2324 5240 0	Open Portal of Death 23728						1	Level 4: Sepulchre of Death
2324 5240 0	2324 5239 0	Open Portal of Death 23728						1	Level 4: Sepulchre of Death
2324 5242 0	2324 5243 0	Open Portal of Death 23728						1	Level 4: Sepulchre of Death
2324 5243 0	2324 5242 0	Open Portal of Death 23728						1	Level 4: Sepulchre of Death
2332 5193 0	2333 5193 0	Open Portal of Death 23728						1	Level 4: Sepulchre of Death
2333 5193 0	2332 5193 0	Open Portal of Death 23728						1	Level 4: Sepulchre of Death
2332 5227 0	2333 5227 0	Open Portal of Death 23727						1	Level 4: Sepulchre of Death
2333 5227 0	2332 5227 0	Open Portal of Death 23727						1	Level 4: Sepulchre of Death
2332 5237 0	2333 5237 0	Open Portal of Death 23728						1	Level 4: Sepulchre of Death
2333 5237 0	2332 5237 0	Open Portal of Death 23728						1	Level 4: Sepulchre of Death
2335 5193 0	2336 5193 0	Open Portal of Death 23728						1	Level 4: Sepulchre of Death
2336 5193 0	2335 5193 0	Open Portal of Death 23728						1	Level 4: Sepulchre of Death
2335 5226 0	2336 5226 0	Open Portal of Death 23728						1	Level 4: Sepulchre of Death
2336 5226 0	2335 5226 0	Open Portal of Death 23728						1	Level 4: Sepulchre of Death
2335 5237 0	2336 5237 0	Open Portal of Death 23728						1	Level 4: Sepulchre of Death
2336 5237 0	2335 5237 0	Open Portal of Death 23728						1	Level 4: Sepulchre of Death
2340 5221 0	2340 5222 0	Open Portal of Death 23728						1	Level 4: Sepulchre of Death
2340 5222 0	2340 5221 0	Open Portal of Death 23728						1	Level 4: Sepulchre of Death
2340 5224 0	2340 5225 0	Open Portal of Death 23728						1	Level 4: Sepulchre of Death
2340 5225 0	2340 5224 0	Open Portal of Death 23728						1	Level 4: Sepulchre of Death
2356 5218 0	2356 5219 0	Open Portal of Death 23727						1	Level 4: Sepulchre of Death
2356 5219 0	2356 5218 0	Open Portal of Death 23727						1	Level 4: Sepulchre of Death
2356 5221 0	2356 5222 0	Open Portal of Death 23727						1	Level 4: Sepulchre of Death
2356 5222 0	2356 5221 0	Open Portal of Death 23727						1	Level 4: Sepulchre of Death
2359 5234 0	2359 5235 0	Open Portal of Death 23727						1	Level 4: Sepulchre of Death
2359 5235 0	2359 5234 0	Open Portal of Death 23727						1	Level 4: Sepulchre of Death
2360 5231 0	2360 5232 0	Open Portal of Death 23728						1	Level 4: Sepulchre of Death
2360 5232 0	2360 5231 0	Open Portal of Death 23728						1	Level 4: Sepulchre of Death
2361 5203 0	2361 5204 0	Open Portal of Death 23727						1	Level 4: Sepulchre of Death
2361 5204 0	2361 5203 0	Open Portal of Death 23727						1	Level 4: Sepulchre of Death
2362 5206 0	2362 5207 0	Open Portal of Death 23728						1	Level 4: Sepulchre of Death
2362 5207 0	2362 5206 0	Open Portal of Death 23728						1	Level 4: Sepulchre of Death
2364 5212 0	2341 5219 0	Use Portal 23922				2312>0		1	Level 4: Sepulchre of Death - maze shortcut
# Al Kharid Toll Gate									
3267 3228 0	3268 3228 0	Open Gate 44051						1	
3268 3228 0	3267 3228 0	Open Gate 44051						1	
3267 3227 0	3268 3227 0	Open Gate 44050						1	
3268 3227 0	3267 3227 0	Open Gate 44050						1	
3267 3228 0	3268 3228 0	Pay-toll(10gp) Gate 44053						1	
3268 3228 0	3267 3228 0	Pay-toll(10gp) Gate 44053						1	
3267 3227 0	3268 3227 0	Pay-toll(10gp) Gate 44052						1	
3268 3227 0	3267 3227 0	Pay-toll(10gp) Gate 44052						1	
# Fossil island									
3766 3883 1	3765 3898 0	Teeth-grip Zip line 57667	74 Agility					12	
3753 3869 0	3757 3869 1	Climb Stairs 30681						1	
3757 3869 1	3753 3869 0	Descend Stairs 30682						1	
3728 3831 0	3730 3831 1	Climb Up Ladder 30938						1	
3730 3831 1	3728 3831 0	Climb Down Ladder 30939						1	
3745 3831 1	3747 3831 0	Climb Down Ladder 30941						1	
3747 3831 0	3745 3831 1	Climb Up Ladder 30940						1	
3715 3815 0	3713 3830 0	Climb through Hole 31481	70 Agility					5	
3713 3830 0	3715 3815 0	Climb through Hole 31482	70 Agility					5	
3724 3807 0	3723 3784 1	Travel Rowboat 30914						1	Row to the barge.
3724 3807 0	3733 3893 0	Travel Rowboat 30914						1	Row to the north of the island.
3724 3807 0	3362 3445 0	Travel Rowboat 30914						1	Row to the barge and travel to the Digsite.
3724 3807 0	3764 3899 0	Travel Rowboat 30914						1	Row out to sea, north of the island.
3732 3894 0	3763 3899 0	Travel Rowboat 30915						1	Row out to sea.
3732 3894 0	3724 3808 0	Travel Rowboat 30915						1	Row to the camp.
3732 3894 0	3723 3784 1	Travel Rowboat 30915						1	Row to the barge.
3763 3899 0	3723 3784 1	Travel Rowboat 30919						1	Row to the barge.
3763 3899 0	3732 3894 0	Travel Rowboat 30919						1	Row to the north of the island.
3763 3899 0	3724 3808 0	Travel Rowboat 30919						1	Row to the camp.
3763 3899 0	3732 10281 1	Dive Rowboat 30919						1	
3732 10281 1	3763 3899 0	Climb Anchor rope 30948						1	
3729 10294 1	3729 10296 1	Pay Tunnel 31845		NUMULITE>=200				2	
3729 10296 1	3729 10294 1	Pay Tunnel 31845		NUMULITE>=200				2	
3729 10294 1	3729 10296 1	Enter Tunnel 31844						1	
3729 10296 1	3729 10294 1	Enter Tunnel 31844						1	
3735 10299 1	3737 10299 1	Navigate Plant door 30961						1	
3737 10299 1	3735 10299 1	Navigate Plant door 30961						1	
3778 3821 0	3784 3821 0	Climb Up Rope anchor 30916	64 Agility					5	
3784 3821 0	3778 3821 0	Climb Down Rope anchor 30917	64 Agility					5	
3746 3779 0	3604 10231 0	Enter Cave Entrance 30869						1	
3604 10231 0	3746 3779 0	Exit Cave Exit 31844						1	
3680 3854 0	3595 10291 0	Climb Down Trap Door 30842						1	
3595 10291 0	3680 3854 0	Climb-up Exit 30844						1	
3603 10290 0	3607 10290 0	Climb Stairs 31485						1	
3607 10290 0	3603 10290 0	Climb Stairs 31485						1	
# Karuulm slayer dungeon									
1301 10206 0	1303 10206 0	Climb Rocks 34544						2	
1303 10206 0	1301 10206 0	Climb Rocks 34544						2	
1311 10214 0	1311 10216 0	Climb Rocks 34544						2	
1311 10216 0	1311 10214 0	Climb Rocks 34544						2	
1311 10188 0	1311 3807 0	Exit Cave exit 34514						3	
1311 3807 0	1311 10188 0	Activate Elevator 34359						5	
# Pest control boat									
2663 2676 1	2659 2676 0	Cross Gangplank 14307						1	
# Air Altar									
3048 4824 0	2846 4836 0	Exit-through Air rift 25378						1	
3049 4825 0	2404 4846 0	Exit-through Air rift 25378						1	
# Al Kharid gate									
3252 3267 0	3253 3267 0	Open Gate 1560						1	
3253 3267 0	3252 3267 0	Open Gate 1560						1	
3312 3235 0	3311 3235 0	Open Gate 44921						1	
# Aldarin									
1442 2976 0	1443 2976 0	Cross Gangplank 55337						1	
1446 2976 1	1443 2976 0	Cross Gangplank 55337						1	
# Almera's House in Baxtorian Falls									
2527 3495 0	2528 3495 0	Open Gate 1558						1	
2527 3495 0	2528 3495 0	Open Gate 1558						1	
2528 3495 0	2527 3495 0	Open Gate 1558						1	
2528 3495 0	2527 3495 0	Open Gate 1558						1	
# Ardougne Sewers									
2567 9680 0	2606 9691 0	Board Raft 2849						1	
2606 9691 0	2567 9680 0	Board Raft 2849						1	
# Baxtorian Falls									
2512 3494 0	2513 3494 0	Open Gate 1558						1	
2513 3494 0	2512 3494 0	Open Gate 1558						1	
# Brimhaven									
2784 3287 0	2784 3287 1	Climb-up Ladder 18324						1	
2784 3287 1	2784 3287 0	Climb-down Ladder 18325						1	
# Brimhaven House									
2815 3183 0	2816 3183 0	Open Gate 1728						1	
# Burgh de Rott									
3491 3230 0	3491 3231 0	Climb-over Broken wall 12737						1	
3491 3231 0	3491 3230 0	Climb-over Broken wall 12737						1	
# Catacombs of Kourend									
1618 3665 0	1614 3665 1	Climb-up Staircase 11807						1	
1618 3679 0	1614 3680 1	Climb-up Staircase 11807						1	
1614 3665 1	1618 3665 0	Climb-down Staircase 11799						1	
1614 3680 1	1618 3679 0	Climb-down Staircase 11799						1	
1616 3660 1	1617 3660 2	Climb-up Staircase 12536						1	
1616 3686 1	1616 3686 2	Climb-up Staircase 12536						1	
1616 3686 2	1616 3686 1	Climb-down Staircase 12538						1	
1617 3660 2	1616 3660 1	Climb-down Staircase 12538						1	
# Catherby									
2769 3403 0	2769 3407 1	Climb-up Staircase 15645						1	
2769 3397 1	2769 3401 2	Climb-up Staircase 15645						1	
2769 3407 1	2769 3403 0	Climb-down Staircase 15648						1	
2769 3401 2	2769 3397 1	Climb-down Staircase 15648						1	
# Chaos Altar									
2258 4845 1	2258 4845 0	Climb-down Ladder 16679						1	
2270 4836 1	3152 5232 0	Use Floor 23098						1	
2276 4834 2	2276 4834 1	Climb-down Ladder 16679						1	
# Chasm of Fire									
1458 10074 0	1459 10077 1	Enter Lift 30259						1	
1458 10094 0	1458 10094 1	Enter Lift 30259						1	
1461 10092 0	1463 10092 0	Pass Fire 56370						1	
1463 10092 0	1461 10092 0	Pass Fire 56370						1	
1437 10093 1	1437 10093 2	Enter Lift 30259						1	
1451 10069 1	1451 10069 2	Enter Lift 30259						1	
1458 10094 1	1458 10094 0	Enter Lift 30258						1	
1459 10077 1	1458 10074 0	Enter Lift 30258						1	
1435 10075 2	1436 10074 0	Climb Chain 56242	83 Agility					1	
1435 10077 2	1435 3670 0	Climb-up Rope 30234						1	
1437 10093 2	1437 10093 1	Enter Lift 30258						1	
1451 10069 2	1451 10069 1	Enter Lift 30258						1	
# Clock tower									
2595 9657 0	2596 9657 0	Open Gate 37						1	
2596 9657 0	2595 9657 0	Open Gate 37						1	
# Corsair Cave Dungeon									
2532 2833 0	2529 2835 1	Climb Stairs 31735						1	
2550 2862 0	2547 2862 1	Climb-up Stairs 31733						1	
2555 2857 0	2555 2854 1	Climb-up Stairs 31733						1	
2529 2835 1	2532 2833 0	Climb Stairs 31735						1	
2547 2862 1	2550 2862 0	Climb-down Stairs 31734						1	
# Corsair Cove									
2561 2865 0	2561 2868 1	Climb-up Stairs 31733						1	
2578 2840 0	2578 2837 1	Cross Gangplank 31756						1	
2555 2854 1	2555 2857 0	Climb-down Stairs 31734						1	
2561 2868 1	2561 2865 0	Climb-down Stairs 31734						1	
2578 2837 1	2578 2840 0	Cross Gangplank 31756						1	
# Custodia Mountains Cave passage									
1174 3427 0	1183 9812 0	Enter Entry 48723						1	
# Digsite									
3354 3417 0	3369 9827 0	Operate Winch 2350			The Dig Site			1	
3370 3427 0	3352 9817 0	Operate Winch 2351			The Dig Site			1	
# Draynor Manor									
3149 3348 0	3158 9713 0	Climb-down Strange hole 40341			A Porcine of Interest			1	
# Draynor Sewers									
3078 3259 0	3078 3258 0	Open Gate 1562						1	
# Draynor Village									
3078 3258 0	3078 3259 0	Open Gate 1562						1	
3106 3273 0	3107 3273 0	Open Gate 1558						1	
3107 3273 0	3106 3273 0	Open Gate 1558						1	
# Dwarven Mine									
3718 5678 0	3054 9744 0	Exit Tunnel 30375						1	
3727 5680 0	3727 5682 0	Mine Rockfall 26679						1	
3748 5685 0	3749 5684 0	Mine Rockfall 26679						1	
3749 5684 0	3748 5685 0	Mine Rockfall 26679						1	
3755 5672 0	3755 5675 0	Climb Ladder 19044						1	
3755 5675 0	3755 5672 0	Climb Ladder 19045						1	
3757 5676 0	3758 5677 0	Mine Rockfall 26679						1	
3758 5677 0	3757 5676 0	Mine Rockfall 26679						1	
3761 5668 0	3763 5668 0	Mine Rockfall 26680						1	
3763 5668 0	3761 5668 0	Mine Rockfall 26680						1	
# East Ardougne									
2570 3268 0	2544 9695 0	Climb-down Ladder 46717						1	
2635 3307 0	2635 3308 0	Open Gate 1568						1	
2635 3308 0	2635 3307 0	Open Gate 1568						1	
2552 3325 1	2551 3325 1	Open Gate 2060						1	
2572 3270 1	2572 3271 1	Knock-at Wall 46902						1	
2572 3271 1	2572 3270 1	Knock-at Wall 46902						1	
2572 3271 1	2572 3271 2	Climb-up Ladder 16683						1	
2572 3271 2	2572 3271 1	Climb-down Ladder 16679						1	
# Edgeville									
3079 3500 0	3079 3501 0	Open Gate 1560						1	
3079 3501 0	3079 3500 0	Open Gate 1560						1	
3103 9909 0	3104 9909 0	Open Gate 1569						1	
3104 9909 0	3103 9909 0	Open Gate 1569						1	
3115 3452 0	3117 9852 0	Climb-down Ladder 17384						1	
3117 9852 0	3115 3452 0	Climb-up Ladder 17385						1	
3145 9870 0	3146 9870 0	Open Gate 1569						1	
3146 9870 0	3145 9870 0	Open Gate 1569						1	
# Entrana									
2821 3373 0	2822 9774 0	Climb-down Ladder 2408						1	
# Falador									
3036 3372 1	3038 3374 2	Climb-up Staircase 24250						1	
3038 3375 2	3038 3376 2	Climb-up Staircase 24251						1	
3013 3335 3	3012 3333 3	Jump Ledge 14923						1	
# Falador Mole Lair									
1750 5136 0	2985 3316 0	Climb Rope 12230						1	
# Farm between Lumbridge and Draynor									
3146 3291 0	3146 3292 0	Open Gate 1560						1	
3146 3292 0	3146 3291 0	Open Gate 1560						1	
3162 3289 0	3162 3290 0	Open Gate 1560						1	
3162 3290 0	3162 3289 0	Open Gate 1560						1	
3177 3315 0	3177 3316 0	Open Gate 23917						1	
3177 3316 0	3177 3315 0	Open Gate 23917						1	
3180 3288 0	3180 3289 0	Open Gate 1560						1	
3180 3289 0	3180 3288 0	Open Gate 1560						1	
3188 3279 0	3188 3280 0	Open Gate 12986						1	
3188 3280 0	3188 3279 0	Open Gate 12986						1	
3197 3281 0	3197 3282 0	Open Gate 1560						1	
3197 3282 0	3197 3281 0	Open Gate 1560						1	
3236 3285 0	3237 3285 0	Open Gate 1558						1	
3236 3295 0	3237 3295 0	Open Gate 1560						1	
3237 3285 0	3236 3285 0	Open Gate 1558						1	
3237 3295 0	3236 3295 0	Open Gate 1560						1	
3240 3302 0	3241 3302 0	Open Gate 1560						1	
3241 3302 0	3240 3302 0	Open Gate 1560						1	
# Fossil island									
3633 10261 0	3633 10264 0	Climb-down Stairs 30849						1	
3633 10264 0	3633 10261 0	Climb-up Stairs 30847						1	
3816 3808 0	3807 10193 3	Climb-down Volcano Entrance 31031	50 Mining					1	
3729 10294 1	3729 10297 1	Enter Tunnel 30958				242=1		1	
3729 10297 1	3729 10294 1	Enter Tunnel 30958						1	
# Fossil Island volcano									
3802 10158 1	3802 10161 3	Climb-up Staircase 31030						1	
3813 10158 1	3813 10161 3	Climb-up Staircase 31030						1	
3802 10161 3	3802 10158 1	Climb-down Staircase 31029						1	
3807 10193 3	3816 3808 0	Climb-up Exit 31032						1	
3808 10193 3	3816 3808 0	Climb-up Exit 31032						1	
3813 10161 3	3813 10158 1	Climb-down Staircase 31029						1	
# Ghorrock Dungeon									
2859 4258 0	2909 10317 0	Enter Crevice 46598						1	
# Ghorrock Prison									
3039 6417 0	2927 10353 0	Climb Stairs 49101						1	
3039 6432 0	3039 6433 0	Open Gate 49138						1	
3039 6433 0	3039 6432 0	Open Gate 49138						1	
# Gnome Stronghold									
1987 5569 0	2435 3519 0	Pass-through Fence 28807						1	
2435 3519 0	1987 5569 0	Pass-through Fence 28807			Monkey Madness II			1	
# Guardians of the Rift									
3633 9503 0	3637 9503 0	Climb Rubble 43724	56 Agility					1	
3637 9503 0	3633 9503 0	Climb Rubble 43726						1	
# HAM Hideout									
3156 9703 0	3156 9705 0	Climb-over Blockage 40331						1	
3156 9705 0	3156 9703 0	Climb-over Blockage 40331						1	
3158 9713 0	3149 3348 0	Climb-up Rope 40330						1	
# Hemenster									
2641 9764 0	2649 9805 0	Climb-up Stairs 96						1	
2649 9805 0	2641 9764 0	Climb-down Stairs 98						1	
2677 9804 0	2677 3404 0	Climb-up Ladder 17385						1	
# Instanced area (2640, 4683)									
2633 4682 0	2635 4682 1	Climb-up Staircase 16671						1	
2648 4685 0	2649 4685 1	Climb-up Staircase 16671						1	
2635 4682 1	2633 4682 0	Climb-down Staircase 16673						1	
2640 4681 1	2640 4685 2	Climb-up Staircase 15645						1	
2649 4685 1	2648 4685 0	Climb-down Staircase 16673						1	
2651 4685 1	2650 4684 2	Climb-up Ladder 16683						1	
2640 4685 2	2640 4681 1	Climb-down Staircase 15648						1	
2650 4684 2	2651 4685 1	Climb-down Ladder 16679						1	
# Instanced area (2770, 4683)									
2762 4682 0	2762 4682 1	Climb-up Staircase 16671						1	
2776 4685 0	2777 4685 1	Climb-up Staircase 16671						1	
2762 4682 1	2762 4682 0	Climb-down Staircase 16673						1	
2768 4681 1	2768 4685 2	Walk-up Staircase 16661						1	
2777 4685 1	2776 4685 0	Climb-down Staircase 16673						1	
2778 4684 1	2778 4684 2	Climb-up Ladder 17026						1	
2768 4685 2	2768 4681 1	Walk-down Staircase 16662						1	
2778 4684 2	2778 4684 1	Climb-down Ladder 16679						1	
# Instanced area (2887, 9282)									
2887 9282 0	2887 9374 0	Search Cave in 2220						1	
# Jatizso									
2387 3799 0	2388 3799 0	Open Gate 21405						1	
2388 3799 0	2387 3799 0	Open Gate 21405						1	
2412 3796 0	2412 3797 0	Open Gate 21405						1	
2412 3797 0	2412 3796 0	Open Gate 21405						1	
2415 3823 0	2415 3824 0	Open Gate 21403						1	
2415 3824 0	2415 3823 0	Open Gate 21403						1	
2442 10146 0	2523 3740 0	Climb Steps 8966						1	
# Kalphite Lair									
3238 3142 0	1637 4801 0	Board Rowboat 30108						1	
3592 9503 0	3610 9503 0	Enter Portal 38044						1	
# Karamja (varbit:4566=0?COINS=200)									
2867 2952 0	2868 2952 0	Open Wooden gate 2262						1	
2868 2952 0	2867 2952 0	Open Wooden gate 2262						1	
2874 2952 0	2875 2952 0	Open Metal gate 2259						1	
2875 2952 0	2874 2952 0	Open Metal gate 2259						1	
2876 2952 0	2881 2951 0	Climb over Broken cart 2216						1	
2881 2951 0	2876 2952 0	Climb over Broken cart 2216			Shilo Village			1	
# Karamja Volcano									
2457 5120 0	2459 5120 0	Pass Hot vent door 30266				5646=1		1	
2459 5120 0	2457 5120 0	Pass Hot vent door 30266				5646=1		1	
2474 5136 0	2474 5138 0	Pass Hot vent door 30266				5646=1		1	
2474 5138 0	2474 5136 0	Pass Hot vent door 30266				5646=2		1	
2493 5172 0	2493 5174 0	Pass Hot vent door 30266				5646=1		1	
2493 5174 0	2493 5172 0	Pass Hot vent door 30266				5646=1		1	
2494 5155 0	2494 5157 0	Pass Hot vent door 30266				5646=1		1	
2494 5157 0	2436 5121 0	Pass Hot vent door 30266				5646=1		1	
2494 5157 0	2494 5155 0	Pass Hot vent door 30266				5646=1		1	
# Lassar Undercity									
2576 6386 0	2576 6382 1	Climb-up Stairs 48046						1	
2582 6345 0	2582 6350 1	Climb-up Stairs 48046						1	
2583 6378 0	2583 6382 1	Climb-up Stairs 48046						1	
2584 6344 0	2588 6344 1	Climb-up Stairs 48046						1	
2588 6435 0	2922 5826 0	Climb-up Rope 48198						1	
2596 6407 0	2596 6407 1	Climb-up Ladder 48041						1	
2604 6386 0	2600 6386 1	Climb-up Stairs 48046						1	
2611 6359 0	2616 6360 1	Climb-up Stairs 48046						1	
2636 6407 0	2636 6403 1	Climb-up Stairs 48046						1	
2636 6408 0	2636 6412 1	Climb-up Stairs 48046						1	
2645 6409 0	2645 6405 1	Climb-up Stairs 48046						1	
2664 6407 0	2668 6408 1	Climb-up Stairs 48046						1	
2678 6420 0	2682 6420 1	Climb-up Stairs 48046						1	
2682 6441 0	2682 6445 1	Climb-up Stairs 48046						1	
2690 6428 0	2694 6428 1	Climb-up Stairs 48046						1	
2922 5826 0	2588 6435 0	Climb-rope Rock 49477						1	
2576 6382 1	2576 6386 0	Climb-down Stairs 48047						1	
2582 6350 1	2582 6345 0	Climb-down Stairs 48047						1	
2583 6382 1	2583 6378 0	Climb-down Stairs 48047						1	
2588 6344 1	2584 6344 0	Climb-down Stairs 48047						1	
2596 6407 1	2596 6407 0	Climb-down Ladder 48042						1	
2596 6407 1	2596 6407 2	Climb-up Ladder 48042						1	
2600 6386 1	2604 6386 0	Climb-down Stairs 48047						1	
2612 6359 1	2608 6360 2	Climb-up Stairs 48046						1	
2616 6360 1	2611 6359 0	Climb-down Stairs 48047						1	
2636 6403 1	2636 6407 0	Climb-down Stairs 48047						1	
2636 6412 1	2636 6408 0	Climb-down Stairs 48047						1	
2645 6405 1	2645 6409 0	Climb-down Stairs 48047						1	
2668 6408 1	2664 6407 0	Climb-down Stairs 48047						1	
2682 6420 1	2678 6420 0	Climb-down Stairs 48047						1	
2682 6445 1	2682 6441 0	Climb-down Stairs 48047						1	
2694 6428 1	2690 6428 0	Climb-down Stairs 48047						1	
2596 6407 2	2596 6407 1	Climb-down Ladder 48042						1	
2596 6407 2	2596 6407 3	Climb-up Ladder 48042						1	
2608 6360 2	2612 6359 1	Climb-down Stairs 48047						1	
2596 6407 3	2596 6407 2	Climb-down Ladder 48043						1	
# Lighthouse									
2509 3635 0	2509 3636 0	Walk-through Doorway 4577			Horror from the Deep			1	
2518 9994 0	2509 3643 0	Climb Iron ladder 4412						1	
2545 3570 0	2546 3570 0	Open Gate 2115			Alfred Grimhand's Barcrawl			1	
2546 3570 0	2545 3570 0	Open Gate 2115			Alfred Grimhand's Barcrawl			1	
2593 3608 0	2599 3608 0	Cross Broken bridge 4615						1	
# Lighthouse Dungeon									
2446 4604 0	2518 4618 0	Climb Iron ladder 4383						1	
2509 4689 0	2542 4718 0	Step-into Sparkling pool 2879						1	
2513 4626 0	2513 4627 0	Open Strange wall 4546						1	
2513 4627 0	2513 4626 0	Open Strange wall 4546						1	
2515 4629 0	2515 4632 0	Climb Iron ladder 4413						1	
2515 4632 0	2515 4629 0	Climb Iron ladder 4413						1	
2516 4626 0	2516 4627 0	Open Strange wall 4545						1	
2516 4627 0	2516 4626 0	Open Strange wall 4545						1	
2518 4618 0	2446 4604 0	Climb Iron ladder 4412						1	
2542 4718 0	2509 4689 0	Step-into Sparkling pool 2878			Mage Arena I			1	
# Lumbridge									
3212 3261 0	3213 3261 0	Open Gate 12986						1	
3213 3261 0	3212 3261 0	Open Gate 12986						1	
# Mage Training Arena									
3350 3268 0	3350 3269 0	Open Gate 44920						1	
3350 3269 0	3350 3268 0	Open Gate 44920						1	
3382 3274 0	3382 3273 0	Open Gate 44920						1	
# Mahogany Homes houses									
1789 3599 0	1789 3599 1	Climb-up Ladder 11794						1	
1789 3599 1	1789 3599 0	Climb-down Ladder 11802						1	
1789 3599 1	1789 3599 2	Climb-up Ladder 11794						1	
1789 3599 2	1789 3599 1	Climb-down Ladder 11802						1	
# Makeover Mage									
2933 3320 0	2933 3319 0	Open Gate 1728						1	
# Meyerditch									
3612 3209 0	3612 3211 1	Climb-up Ladder 17974						1	
3605 3163 1	3525 3170 0	Board Boat 17961						1	
3612 3211 1	3612 3209 0	Climb-down Ladder 17975						1	
# Miazrqa Rupert the Beard Grim Tales house south of Mind Altar									
2955 3497 0	2955 3497 2	Climb-up Ladder 16450						1	
2955 3497 2	2955 3497 0	Climb-down Ladder 16556						1	
# Mistmyst Island									
1637 4801 0	3238 3142 0	Board Rowboat 30109						1	
1646 4830 0	1648 4830 0	Climb Damaged wall 29657						1	
1648 4830 0	1646 4830 0	Climb Damaged wall 29657						1	
# Monastery									
2998 3494 0	2952 5762 0	Enter Blocked entry 41357			Below Ice Mountain			1	
3022 3510 0	3022 3510 1	Climb-up Ladder 17148						1	
3022 3517 0	3022 3517 1	Climb-up Ladder 17159						1	
3022 3510 1	3022 3510 0	Climb-down Ladder 17149						1	
3022 3517 1	3022 3517 0	Climb-down Ladder 17160						1	
3023 3514 1	3023 3514 2	Climb-up Ladder 17148						1	
3025 3514 1	3025 3514 2	Climb-up Ladder 17148						1	
3030 3509 1	3030 3510 1	Push Wall 2341						1	
3030 3510 1	3030 3509 1	Push Wall 2341						1	
3023 3514 2	3023 3514 1	Climb-down Ladder 17149						1	
3025 3514 2	3025 3514 1	Climb-down Ladder 17149						1	
# Mort Myre									
3442 9734 0	3440 3337 0	Exit Grotto 3525						1	
# Mountain Guide between Mount Quidamortem, South of Quidamortem and The Shayzien Outpost									
1230 3472 0	1195 3451 0	Travel Rowboat 49491						1	
# Neypotzli									
1348 9590 0	1374 9668 0	Pass-through Entrance 51375						1	
1355 9538 0	1513 9564 0	Pass-through Entrance 51375						1	
1374 9668 0	1348 9590 0	Pass-through Entrance 51377						1	
1386 9590 0	1418 9632 0	Pass-through Entrance 51375						1	
1390 9677 0	1522 9719 0	Pass-through Entrance 51378						1	
1403 9704 0	1439 9653 0	Pass-through Entrance 51377						1	
1403 9716 0	1424 9648 1	Pass-through Entrance 51375						1	
1418 9632 0	1386 9590 0	Pass-through Entrance 51377						1	
1439 9653 0	1403 9704 0	Pass-through Entrance 51377						1	
1462 9632 0	1509 9675 0	Pass-through Entrance 51377						1	
1481 9669 0	1457 9649 1	Pass-through Entrance 51375						1	
1509 9675 0	1462 9632 0	Pass-through Entrance 51375						1	
1513 9564 0	1355 9538 0	Pass-through Entrance 51377						1	
1513 9595 0	1526 9671 0	Pass-through Entrance 51377						1	
1522 9719 0	1390 9677 0	Pass-through Entrance 51378						1	
1526 9671 0	1513 9595 0	Pass-through Entrance 51377						1	
1424 9648 1	1403 9716 0	Pass-through Entrance 51376						1	
1439 9599 1	1440 9617 1	Pass-through Entrance 51375						1	
1440 9617 1	1439 9599 1	Pass-through Entrance 51377						1	
1457 9649 1	1481 9669 0	Pass-through Entrance 51376						1	
# Pest Control									
2642 2592 0	2643 2592 0	Open Gate 14235						1	
2643 2592 0	2642 2592 0	Open Gate 14235						1	
2643 2601 0	2645 2601 0	Climb Ladder 14296						1	
2645 2601 0	2643 2601 0	Climb Ladder 14296						1	
2647 2585 0	2647 2587 0	Climb Ladder 14296						1	
2647 2587 0	2647 2585 0	Climb Ladder 14296						1	
2656 2584 0	2656 2585 0	Open Gate 14233						1	
2656 2585 0	2656 2584 0	Open Gate 14233						1	
2666 2585 0	2666 2587 0	Climb Ladder 14296						1	
2666 2587 0	2666 2585 0	Climb Ladder 14296						1	
2666 2587 0	2666 2585 0	Climb Ladder 14296						1	
# Pest control boat									
2634 2653 0	2638 2653 0	Cross Gangplank 25632						1	
2638 2653 0	2634 2653 0	Cross Gangplank 25632						1	
2640 2644 0	2644 2644 0	Cross Gangplank 25631						1	
2644 2644 0	2640 2644 0	Cross Gangplank 25631						1	
2657 2639 0	2661 2639 0	Cross Gangplank 14315						1	
2659 2676 0	2662 2676 1	Cross Gangplank 14306						1	
2661 2639 0	2657 2639 0	Cross Ladder 14314						1	
2668 2601 0	2670 2601 0	Climb Ladder 14296						1	
2670 2593 0	2671 2593 0	Open Gate 14235						1	
2670 2601 0	2668 2601 0	Climb Ladder 14296						1	
2671 2593 0	2670 2593 0	Open Gate 14235						1	
# Pollnivneach									
3344 2955 0	3345 2955 0	Open Curtain 1533						1	
3345 2955 0	3344 2955 0	Open Curtain 1533						1	
3350 2956 0	3350 2957 0	Open Curtain 1533						1	
3350 2957 0	3350 2956 0	Open Curtain 1533						1	
3358 2984 0	3358 2984 1	Climb-up Ladder 17028						1	
3359 2981 0	3359 2982 0	Open Curtain 1533						1	
3359 2982 0	3359 2981 0	Open Curtain 1533						1	
3360 2993 0	3361 2993 0	Open Curtain 1533						1	
3361 2993 0	3360 2993 0	Open Curtain 1533						1	
3364 2999 0	3364 3000 0	Open Curtain 1533						1	
3364 3000 0	3364 2999 0	Open Curtain 1533						1	
3356 2982 1	3356 2983 1	Open Curtain 1533						1	
3356 2983 1	3356 2982 1	Open Curtain 1533						1	
3358 2984 1	3358 2984 0	Climb-down Ladder 6260						1	
3365 2983 1	3366 2983 1	Open Curtain 1533						1	
3366 2983 1	3365 2983 1	Open Curtain 1533						1	
3366 2991 1	3367 2991 1	Open Curtain 1533						1	
3367 2991 1	3366 2991 1	Open Curtain 1533						1	
3372 2968 1	3372 2969 1	Open Curtain 1533						1	
3372 2969 1	3372 2968 1	Open Curtain 1533						1	
3374 2971 1	3375 2971 1	Open Curtain 1534						1	
3375 2971 1	3374 2971 1	Open Curtain 1534						1	
# Port Sarim									
3047 3204 0	3047 3207 1	Cross Gangplank 2593						1	
3047 3207 1	3047 3204 0	Cross Gangplank 2594						1	
# Primio quetzal between Varrock and Civitas illa Fortis									
1640 3155 0	1640 3155 1	Climb-up Staircase 52628						1	
1674 3164 0	1670 3165 1	Climb-up Staircase 52626						1	
1687 3164 0	1691 3164 1	Climb-up Staircase 52626						1	
1691 3087 0	1694 9492 0	Climb-down Staircase 50859						1	
1640 3155 1	1640 3155 0	Climb-down Staircase 52629						1	
1649 3155 1	1651 3154 2	Climb-up Staircase 52628						1	
1670 3165 1	1674 3164 0	Climb-down Staircase 52627						1	
1691 3164 1	1687 3164 0	Climb-down Staircase 52627						1	
1651 3154 2	1649 3155 1	Climb-down Staircase 52629						1	
# Rashiliyia's Tomb									
2928 9511 0	2929 9516 0	Climb Rocks 2257						1	
2928 9516 0	2928 9517 0	Open Ancient metal gate 2255						1	
2928 9517 0	2928 9516 0	Open Ancient metal gate 2255						1	
2929 9516 0	2928 9511 0	Climb Rocks 2257						1	
# Seers Village and Camelot Castle									
2736 3580 0	2736 3580 1	Climb-up Staircase 25682						1	
2741 3555 0	2741 3556 0	Open Gate 26130						1	
2741 3556 0	2741 3555 0	Open Gate 26130						1	
2766 3444 0	2767 3444 0	Open Gate 1558						1	
2767 3444 0	2766 3444 0	Open Gate 1558						1	
2714 3472 1	2714 3472 3	Climb-up Ladder 26118						1	
2736 3580 1	2736 3580 0	Climb-down Staircase 25683						1	
# Shayzien Lizard Canyon									
1435 3670 0	1435 10077 2	Enter Chasm 30236						1	
# Shilo Village Gem Mine									
2887 9374 0	2887 9282 0	Search Cave in 2220						1	
# Slayer Cave									
2722 3592 0	2722 3597 0	Walk-across Log balance 16540	48 Agility					1	
2824 3555 0	2825 3555 0	Open Gate 3725						1	
2825 3555 0	2824 3555 0	Open Gate 3725						1	
2872 5269 2	2872 5279 2	Grapple Pillar 26380						1	
2872 5279 2	2872 5269 2	Grapple Pillar 26380						1	
2885 5332 2	2885 5344 2	Climb-off Ice bridge 26518						1	
2885 5344 2	2885 5332 2	Climb-off Ice bridge 26518						1	
# Slayer Tower									
3433 3537 0	3433 3537 1	Climb-up Staircase 2114						1	
3409 3539 1	3417 3540 2	Climb-up Staircase 2119						1	
3438 3538 1	3438 3538 0	Climb-down Staircase 2118						1	
# Smoke Dungeon									
3280 9415 0	3284 9415 0	Walk through Mine cave 2699			The Tourist Trap			1	
3284 9415 0	3280 9415 0	Walk through Mine cave 2699			The Tourist Trap			1	
3290 3035 0	3290 3035 1	Climb-up Ladder 18903						1	
3291 3030 0	3291 3031 0	Open Curtain 1533						1	
3291 3031 0	3291 3030 0	Open Curtain 1533						1	
3290 3035 1	3290 3035 0	Climb-down Ladder 18904						1	
# Socerer's Tower									
2677 3404 0	2677 9804 0	Climb-down Ladder 17384						1	
# Sophanem									
3320 2853 0	3320 2796 0	Enter Rock 6621			Icthlarin's Little Helper			1	
# Soul Wars									
2135 2905 0	2136 2905 0	Pass Blue Barrier 40454						1	
2136 2905 0	2135 2905 0	Pass Blue Barrier 40454						1	
2140 2899 0	2140 2900 0	Pass Blue Barrier 40454						1	
2140 2900 0	2140 2899 0	Pass Blue Barrier 40454						1	
2140 2910 0	2140 2911 0	Pass Blue Barrier 40454						1	
2140 2911 0	2140 2910 0	Pass Blue Barrier 40454						1	
2162 2896 0	2162 2897 0	Pass Neutral Barrier 40459						1	
2162 2897 0	2162 2896 0	Pass Neutral Barrier 40459						1	
2162 2899 0	2162 2900 0	Pass Neutral Barrier 40459						1	
2162 2900 0	2162 2899 0	Pass Neutral Barrier 40459						1	
2167 9308 0	2310 2918 0	Exit Opening 40737						1	
2253 2923 0	2253 2924 0	Pass Neutral Barrier 40458						1	
2253 2924 0	2253 2923 0	Pass Neutral Barrier 40458						1	
2253 2926 0	2253 2927 0	Pass Neutral Barrier 40458						1	
2253 2927 0	2253 2926 0	Pass Neutral Barrier 40458						1	
2274 2913 0	2274 2914 0	Pass Red Barrier 40457						1	
2274 2914 0	2274 2913 0	Pass Red Barrier 40457						1	
2274 2924 0	2274 2925 0	Pass Red Barrier 40457						1	
2274 2925 0	2274 2924 0	Pass Red Barrier 40457						1	
2278 2919 0	2279 2919 0	Pass Red Barrier 40457						1	
2279 2919 0	2278 2919 0	Pass Red Barrier 40457						1	
2310 2918 0	2167 9308 0	Enter Cave 40736						1	
# Soul Wars portal exits									
2199 2842 0	2200 2842 0	Pass Barrier 41199						1	
2200 2842 0	2199 2842 0	Pass Barrier 41199						1	
2219 2842 0	2220 2842 0	Pass Barrier 41200						1	
2220 2842 0	2219 2842 0	Pass Barrier 41200						1	
# South Falador Farm									
3020 3300 0	3021 3300 0	Open Gate 1561						1	
3020 3305 0	3021 3305 0	Open Gate 1561						1	
3021 3300 0	3020 3300 0	Open Gate 1561						1	
3021 3305 0	3020 3305 0	Open Gate 1561						1	
3032 3313 0	3032 3314 0	Open Gate 1562						1	
3032 3314 0	3032 3313 0	Open Gate 1562						1	
# Stronghold of Security									
1858 5235 0	1858 5236 0	Open Gate of War 19206						1	
1858 5236 0	1858 5235 0	Open Gate of War 19206						1	
1858 5238 0	1858 5239 0	Open Gate of War 19206						1	
1858 5239 0	1858 5238 0	Open Gate of War 19206						1	
1860 5195 0	1860 5196 0	Open Gate of War 19206						1	
1860 5196 0	1860 5195 0	Open Gate of War 19206						1	
1860 5198 0	1860 5199 0	Open Gate of War 19206						1	
1860 5199 0	1860 5198 0	Open Gate of War 19206						1	
1860 5209 0	1860 5210 0	Open Gate of War 19206						1	
1860 5210 0	1860 5209 0	Open Gate of War 19206						1	
1860 5212 0	1860 5213 0	Open Gate of War 19206						1	
1860 5213 0	1860 5212 0	Open Gate of War 19206						1	
1861 5317 0	3207 3217 0	Pass-through Barrier 12351				1850=3		1	
1868 5323 0	3213 3221 0	Pass-through Barrier 12353				1850=3		1	
1874 5204 0	1874 5205 0	Open Gate of War 19206						1	
1874 5205 0	1874 5204 0	Open Gate of War 19206						1	
1874 5207 0	1874 5208 0	Open Gate of War 19206						1	
1874 5208 0	1874 5207 0	Open Gate of War 19206						1	
1876 5191 0	1876 5192 0	Open Gate of War 19207						1	
1876 5192 0	1876 5191 0	Open Gate of War 19207						1	
1876 5194 0	1876 5195 0	Open Gate of War 19207						1	
1876 5195 0	1876 5194 0	Open Gate of War 19207						1	
1878 5189 0	1879 5189 0	Open Gate of War 19207						1	
1878 5222 0	1878 5223 0	Open Gate of War 19207						1	
1878 5223 0	1878 5222 0	Open Gate of War 19207						1	
1878 5225 0	1878 5226 0	Open Gate of War 19207						1	
1878 5226 0	1878 5225 0	Open Gate of War 19207						1	
1879 5189 0	1878 5189 0	Open Gate of War 19207						1	
1881 5189 0	1882 5189 0	Open Gate of War 19207						1	
1882 5189 0	1881 5189 0	Open Gate of War 19207						1	
1885 5235 0	1886 5235 0	Open Gate of War 19206						1	
1886 5235 0	1885 5235 0	Open Gate of War 19206						1	
1888 5235 0	1889 5235 0	Open Gate of War 19206						1	
1889 5207 0	1889 5208 0	Open Gate of War 19207						1	
1889 5208 0	1889 5207 0	Open Gate of War 19207						1	
1889 5211 0	1889 5212 0	Open Gate of War 19206						1	
1889 5212 0	1889 5211 0	Open Gate of War 19206						1	
1889 5235 0	1888 5235 0	Open Gate of War 19206						1	
1893 5212 0	1894 5212 0	Open Gate of War 19206						1	
1894 5212 0	1893 5212 0	Open Gate of War 19206						1	
1896 5212 0	1897 5212 0	Open Gate of War 19206						1	
1897 5212 0	1896 5212 0	Open Gate of War 19206						1	
1903 5204 0	1904 5204 0	Open Gate of War 19207						1	
1904 5204 0	1903 5204 0	Open Gate of War 19207						1	
1904 5230 0	1904 5231 0	Open Gate of War 19206						1	
1904 5231 0	1904 5230 0	Open Gate of War 19206						1	
1904 5233 0	1904 5234 0	Open Gate of War 19206						1	
1904 5234 0	1904 5233 0	Open Gate of War 19206						1	
1906 5204 0	1907 5204 0	Open Gate of War 19207						1	
1907 5204 0	1906 5204 0	Open Gate of War 19207						1	
1911 5206 0	1911 5207 0	Open Gate of War 19206						1	
1911 5207 0	1911 5206 0	Open Gate of War 19206						1	
1911 5209 0	1911 5210 0	Open Gate of War 19206						1	
1911 5210 0	1911 5209 0	Open Gate of War 19206						1	
2017 5211 0	2042 5245 0	Climb-up Rope 19001						1	
2130 5292 0	2130 5293 0	Open Oozing barrier 23653						1	
2130 5293 0	2130 5292 0	Open Oozing barrier 23653						1	
2132 5278 0	2132 5279 0	Open Oozing barrier 23654						1	
2132 5279 0	2132 5278 0	Open Oozing barrier 23654						1	
2132 5281 0	2132 5282 0	Open Oozing barrier 23654						1	
2132 5282 0	2132 5281 0	Open Oozing barrier 23654						1	
2133 5256 0	2133 5257 0	Open Oozing barrier 23654						1	
2133 5257 0	2133 5256 0	Open Oozing barrier 23654						1	
2133 5259 0	2133 5260 0	Open Oozing barrier 23654						1	
2133 5260 0	2133 5259 0	Open Oozing barrier 23654						1	
2155 5285 0	2155 5286 0	Open Oozing barrier 23653						1	
2156 5264 0	2157 5264 0	Open Oozing barrier 23654						1	
2157 5264 0	2156 5264 0	Open Oozing barrier 23654						1	
2162 5286 0	2162 5287 0	Open Oozing barrier 23653						1	
2162 5287 0	2162 5286 0	Open Oozing barrier 23653						1	
2162 5289 0	2162 5290 0	Open Oozing barrier 23653						1	
2162 5290 0	2162 5289 0	Open Oozing barrier 23653						1	
2163 5274 0	2163 5275 0	Open Oozing barrier 23653						1	
2163 5275 0	2163 5274 0	Open Oozing barrier 23653						1	
2163 5277 0	2163 5278 0	Open Oozing barrier 23653						1	
2163 5278 0	2163 5277 0	Open Oozing barrier 23653						1	
2167 5261 0	2167 5262 0	Open Oozing barrier 23654						1	
2167 5262 0	2167 5261 0	Open Oozing barrier 23654						1	
2167 5293 0	2167 5294 0	Open Oozing barrier 23653						1	
2167 5294 0	2167 5293 0	Open Oozing barrier 23653						1	
2167 5296 0	2167 5297 0	Open Oozing barrier 23653						1	
2167 5297 0	2167 5296 0	Open Oozing barrier 23653						1	
2170 5272 0	2171 5272 0	Open Oozing barrier 23654						1	
2171 5272 0	2170 5272 0	Open Oozing barrier 23654						1	
2307 5224 0	2308 5224 0	Open Portal of Death 23728						1	
2308 5204 0	2309 5204 0	Open Portal of Death 23728						1	
2308 5224 0	2307 5224 0	Open Portal of Death 23728						1	
2310 5224 0	2311 5224 0	Open Portal of Death 23728						1	
2310 5240 0	3081 3421 0	Climb-up Bone Chain 23732						1	
2311 5224 0	2310 5224 0	Open Portal of Death 23728						1	
2314 5187 0	2315 5187 0	Open Portal of Death 23727						1	
2315 5187 0	2314 5187 0	Open Portal of Death 23727						1	
2317 5187 0	2318 5187 0	Open Portal of Death 23727						1	
2318 5187 0	2317 5187 0	Open Portal of Death 23727						1	
2324 5187 0	2324 5188 0	Open Portal of Death 23728						1	
2324 5188 0	2324 5187 0	Open Portal of Death 23728						1	
2324 5190 0	2324 5191 0	Open Portal of Death 23728						1	
2324 5191 0	2324 5190 0	Open Portal of Death 23728						1	
2332 5194 0	2333 5194 0	Open Portal of Death 23727						1	
2332 5238 0	2333 5238 0	Open Portal of Death 23727						1	
2333 5194 0	2332 5194 0	Open Portal of Death 23727						1	
2333 5238 0	2332 5238 0	Open Portal of Death 23727						1	
2335 5194 0	2336 5194 0	Open Portal of Death 23727						1	
2335 5238 0	2336 5238 0	Open Portal of Death 23727						1	
2336 5194 0	2335 5194 0	Open Portal of Death 23727						1	
2336 5227 0	2335 5227 0	Open Portal of Death 23727						1	
2336 5238 0	2335 5238 0	Open Portal of Death 23727						1	
2341 5221 0	2341 5222 0	Open Portal of Death 23727						1	
2341 5222 0	2341 5221 0	Open Portal of Death 23727						1	
2341 5224 0	2341 5225 0	Open Portal of Death 23727						1	
2341 5225 0	2341 5224 0	Open Portal of Death 23727						1	
2343 5188 0	2344 5188 0	Open Portal of Death 23727						1	
2344 5188 0	2343 5188 0	Open Portal of Death 23727						1	
2346 5188 0	2347 5188 0	Open Portal of Death 23727						1	
2347 5188 0	2346 5188 0	Open Portal of Death 23727						1	
2352 5246 0	2353 5246 0	Open Portal of Death 23728						1	
2353 5246 0	2352 5246 0	Open Portal of Death 23728						1	
2355 5246 0	2356 5246 0	Open Portal of Death 23728						1	
2356 5246 0	2355 5246 0	Open Portal of Death 23728						1	
2358 5189 0	2359 5189 0	Open Portal of Death 23727						1	
2359 5189 0	2358 5189 0	Open Portal of Death 23727						1	
2359 5194 0	2360 5194 0	Open Portal of Death 23727						1	
2360 5194 0	2359 5194 0	Open Portal of Death 23727						1	
2360 5235 0	2360 5234 0	Open Portal of Death 23728						1	
2361 5189 0	2362 5189 0	Open Portal of Death 23727						1	
2362 5189 0	2361 5189 0	Open Portal of Death 23727						1	
2362 5194 0	2363 5194 0	Open Portal of Death 23727						1	
2362 5203 0	2362 5204 0	Open Portal of Death 23728						1	
2363 5194 0	2362 5194 0	Open Portal of Death 23727						1	
2365 5218 0	2365 5219 0	Open Portal of Death 23728						1	
2365 5219 0	2365 5218 0	Open Portal of Death 23728						1	
2365 5221 0	2365 5222 0	Open Portal of Death 23728						1	
2365 5222 0	2365 5221 0	Open Portal of Death 23728						1	
# Sunset Coast									
1491 2985 1	1494 2985 0	Cross Gangplank 55335						1	
1491 2985 1	1494 2985 0	Cross Gangplank 55335						1	
# Taverley									
2902 9874 0	2903 9874 0	Open Gate 2865						1	
2935 3450 0	2936 3450 0	Open Gate 1728						1	
# Taverley Dungeon									
2897 9831 0	2898 9831 0	Open Gate 1568						1	
2898 9831 0	2897 9831 0	Open Gate 1568						1	
# The Stranglewood									
1146 3434 0	1149 3445 0	Enter Entry 48746						1	
1149 3445 0	1146 3434 0	Enter Entry 48745						1	
1183 9812 0	1174 3427 0	Climb-up Stairs 48730						1	
# The Tourist Trap									
3273 3028 0	3274 3028 0	Open Gate 2674			The Tourist Trap			1	
3274 3028 0	3273 3028 0	Open Gate 2674			The Tourist Trap			1	
3275 3037 0	3268 3036 0	Climb-down Cliff 18924						1	
3279 3037 0	3275 3037 0	Climb-up Cliff 18923						1	
3282 3034 0	3279 3037 0	Climb Rock 18871						1	
# Tolna's Rift									
3290 9868 0	3281 9869 0	Quick-escape Sewage water 14204						1	
3303 3494 0	3303 3494 1	Climb-up Ladder 11794						1	
3308 3491 0	3308 3493 0	Climb-over Broken fence 2618						1	
3308 3493 0	3308 3491 0	Climb-over Broken fence 2618						1	
3309 3509 0	3309 3509 1	Climb-up Ladder 11794						1	
3320 3468 0	3319 3468 0	Open Gate 11766						1	
3352 9817 0	3370 3427 0	Climb-up Rope 2352						1	
3369 9827 0	3354 3417 0	Climb-up Rope 2353						1	
3303 3494 1	3303 3494 0	Climb-down Ladder 11802						1	
3309 3509 1	3309 3509 0	Climb-down Ladder 11795						1	
# Tourist Information Center									
2518 3425 1	2516 3423 0	Climb-up Staircase 16668						1	
# Tree Gnome Stronghold									
2466 3496 0	2466 3494 1	Climb-up Ladder 4458						1	
2466 3496 0	2466 3494 3	Top-Floor Ladder 4458						1	
2466 3494 1	2466 3496 0	Climb-down Ladder 56233						1	
2466 3494 3	2466 3496 0	Bottom-Floor Ladder 56229						1	
# Tutorial Island									
3085 9521 0	3088 3120 0	Climb-up Ladder 9725						1	
# Twilight's Promise									
1694 9492 0	1691 3087 0	Climb-up Staircase 50860						1	
1698 9495 0	1698 9496 0	Open Gate 50861						1	
1698 9496 0	1698 9495 0	Open Gate 50861						1	
1698 9533 0	1698 9534 0	Open Gate 52821						1	
1698 9534 0	1698 9533 0	Open Gate 52821						1	
# TzHaar City									
2436 5121 0	2494 5157 0	Pass Hot vent door 30266				5646=1		1	
# Underground tunnels:									
3054 9744 0	3718 5678 0	Enter Cave 30374						1	
# Varrock									
3141 3457 0	3141 3458 0	Open Gate 15510						1	
3141 3458 0	3141 3457 0	Open Gate 15510						1	
3144 3446 0	3144 3446 1	Climb-up Staircase 2608						1	
3188 3358 0	3188 3354 1	Climb-up Staircase 11797						1	
3188 3388 0	3188 3392 1	Climb-up Staircase 11796						1	
3191 3363 0	3191 3362 0	Open Door 1805					101=32	1	
3210 9898 0	3210 9899 0	Slash Web 733						1	
3210 9899 0	3210 9898 0	Slash Web 733						1	
3214 3353 0	3214 3354 0	Open Gate 15514						1	
3214 3354 0	3214 3353 0	Open Gate 15514						1	
3255 3347 0	3255 3348 0	Open Gate 15516						1	
3255 3348 0	3255 3347 0	Open Gate 15516						1	
3262 3321 0	3262 3322 0	Open Gate 1560						1	
3262 3322 0	3262 3321 0	Open Gate 1560						1	
3283 3467 0	3179 5191 0	Enter Statue 23096						1	
3285 3496 0	3285 3492 1	Climb-up Staircase 11797						1	
3144 3446 1	3144 3446 0	Climb-down Staircase 2609						1	
3144 3446 1	3144 3446 2	Climb-up Staircase 2609						1	
3188 3354 1	3188 3358 0	Climb-down Staircase 11799						1	
3188 3392 1	3188 3388 0	Climb-down Staircase 11799						1	
3285 3492 1	3285 3496 0	Climb-down Staircase 11799						1	
3144 3446 2	3144 3446 1	Climb-down Staircase 2610						1	
# Waterbirth Island									
2523 3740 0	2442 10146 0	Enter Cave entrance 8929						1	
2545 3741 0	2545 10143 0	Enter Cave entrance 8930						1	
# Waterbirth Island Dungeon									
1889 4408 0	1889 4408 1	Climb-up Ladder 10216						1	
1918 4367 0	1918 4365 0	Step-over Root 30170						1	
1957 4370 0	1957 4374 1	Climb-up Ladder 10217						1	
2545 10143 0	2545 3741 0	Climb-up Iron ladder 10177						1	
2545 10143 0	1799 4406 3	Climb-down Iron ladder 10177						1	
1798 4381 1	1798 4383 2	Climb-up Ladder 10206						1	
1799 4389 1	1799 4386 2	Climb-up Ladder 10203						1	
1802 4370 1	1802 4368 2	Climb-up Ladder 10207						1	
1811 4393 1	1811 4393 2	Climb-up Ladder 10202						1	
1828 4362 1	1825 4362 2	Climb-up Ladder 10210						1	
1850 4386 1	1849 4385 2	Climb-up Ladder 10224						1	
1863 4370 1	1863 4373 2	Climb-up Ladder 10211						1	
1864 4390 1	1864 4387 2	Climb-up Ladder 10214						1	
1889 4408 1	1889 4408 0	Climb-down Ladder 10215						1	
1932 4377 1	1932 4380 2	Climb-up Ladder 10226						1	
1957 4374 1	1957 4370 0	Climb-down Ladder 10218						1	
1798 4383 2	1798 4381 1	Climb-down Ladder 10205						1	
1799 4386 2	1799 4389 1	Climb-down Ladder 10204						1	
1802 4368 2	1802 4370 1	Climb-down Ladder 10208						1	
1810 4405 2	1807 4405 3	Climb-up Ladder 10196						1	
1811 4393 2	1811 4393 1	Climb-down Ladder 10201						1	
1822 4404 2	1825 4404 3	Climb-up Ladder 10198						1	
1824 4382 2	1824 4379 3	Climb-up Ladder 10219						1	
1825 4362 2	1828 4362 1	Climb-down Ladder 10209						1	
1834 4387 2	1834 4391 3	Climb-up Ladder 10200						1	
1838 4374 2	1838 4377 3	Climb-up Ladder 10222						1	
1849 4385 2	1850 4386 1	Climb-down Ladder 10223						1	
1863 4373 2	1863 4370 1	Climb-down Ladder 10212						1	
1864 4387 2	1864 4390 1	Climb-down Ladder 10213						1	
1932 4380 2	1932 4377 1	Climb-down Ladder 10225						1	
1961 4392 2	1962 4391 3	Climb-up Ladder 10228						1	
1799 4406 3	2545 10143 0	Climb-up Ladder 10193						1	
1807 4405 3	1810 4405 2	Climb-down Ladder 10195						1	
1824 4379 3	1824 4382 2	Climb-down Ladder 10220						1	
1825 4404 3	1822 4404 2	Climb-down Ladder 10197						1	
1834 4391 3	1834 4387 2	Climb-down Ladder 10199						1	
1838 4377 3	1838 4374 2	Climb-down Ladder 10221						1	
1852 4406 3	1862 4406 1	Squeeze-Through Crevice 53258	81 Agility					1	
1962 4391 3	1961 4392 2	Climb-down Ladder 10227						1	
1976 4408 3	2511 10020 0	Climb-up Ladder 10194						1	
# Weiss									
2846 10333 0	2902 10337 0	Enter Cave 46905						1	
2902 10337 0	2846 10333 0	Enter Crevice 46596						1	
2909 10317 0	2859 4258 0	Enter Crevice 46597						1	
2916 10336 0	2916 10338 0	Open Gate 46660						1	
2916 10338 0	2916 10336 0	Open Gate 46660						1	
2924 10329 0	2925 10329 0	Open Gate 46660						1	
2925 10329 0	2924 10329 0	Open Gate 46660						1	
2927 10341 0	2927 10342 0	Open Gate 46658						1	
2927 10342 0	2927 10341 0	Open Gate 46658						1	
2927 10353 0	3039 6417 0	Open Gate 46658						1	
2933 10324 0	2933 10325 0	Open Gate 46658						1	
2933 10325 0	2933 10324 0	Open Gate 46658						1	
# West Ardougne									
2503 3253 0	2503 3253 1	Climb-up Ladder 16683						1	
2509 3252 0	2509 3254 0	Climb-over Crumbled wall 2185						1	
2514 9739 0	2529 3304 0	Climb-up Pipe 2542			Plague City			1	
2518 3357 0	2518 3356 0	Open Gate 2041						1	
2544 3324 0	2544 3325 1	Climb-up Staircase 16671						1	
2544 9695 0	2570 3268 0	Climb-up Ladder 46716						1	
2503 3253 1	2503 3253 0	Climb-down Ladder 16679						1	
2544 3325 1	2544 3324 0	Climb-down Staircase 16673						1	
# What Lies Below tunnels									
3152 5232 0	2270 4836 1	Use Portal 23095						1	
3179 5191 0	3283 3467 0	Climb Stairs 23074						1	
# Wilderness									
2947 3904 0	2947 3903 0	Open Gate 1728						1	
3023 3625 0	3023 3625 1	Climb-up Ladder 14745						1	
3035 3625 0	3035 3625 1	Climb-up Ladder 14745						1	
3035 3638 0	3035 3638 1	Climb-up Ladder 14745						1	
3071 3857 0	3072 3857 0	Open Gate 1727						1	
3072 3857 0	3071 3857 0	Open Gate 1727						1	
3075 3867 0	3075 3868 0	Open Gate 1568						1	
3075 3868 0	3075 3867 0	Open Gate 1568						1	
3087 3571 0	3088 9970 0	Climb-down Ladder 16680						1	
3088 9970 0	3087 3571 0	Climb-up Ladder 17385						1	
3105 3951 0	3105 3956 0	Pull Lever 9707			Mage Arena I			1	
3105 3956 0	3105 3951 0	Pull Lever 9706			Mage Arena I			1	
3105 9944 0	3105 9945 0	Open Gate 1568						1	
3105 9945 0	3105 9944 0	Open Gate 1568						1	
3201 3855 0	3201 3856 0	Open Gate 1728						1	
3201 3856 0	3201 3855 0	Open Gate 1728						1	
3281 3935 0	3281 3935 1	Climb-up Staircase 14735						1	
3023 3625 1	3022 3624 2	Climb-up Ladder 14747						1	
3023 3638 1	3023 3638 0	Climb-down Ladder 14747						1	
3023 3638 1	3022 3637 2	Climb-up Ladder 14747						1	
3035 3625 1	3036 3624 2	Climb-up Ladder 14747						1	
3036 3637 1	3036 3637 2	Climb-up Ladder 14747						1	
3281 3935 1	3281 3935 0	Climb-down Staircase 14736						1	
3282 3936 1	3281 3935 2	Climb-up Staircase 14736						1	
3022 3624 2	3021 3625 3	Climb-up Ladder 14747						1	
3022 3637 2	3022 3637 3	Climb-up Ladder 14747						1	
3036 3624 2	3035 3625 3	Climb-up Ladder 14747						1	
3036 3637 2	3036 3637 3	Climb-up Ladder 14747						1	
3281 3935 2	3282 3936 1	Climb Staircase 14736						1	
# Varrock Museum									
3261 3446 0	3262 3446 0	Open Gate 24536			The Dig Site			2	
3262 3446 0	3261 3446 0	Open Gate 24536			The Dig Site			2	
3264 3441 0	3264 3442 0	Open Gate 24567			The Dig Site			2	
3264 3442 0	3264 3441 0	Open Gate 24567			The Dig Site			2	
3265 3441 0	3265 3442 0	Open Gate 24565			The Dig Site			2	
3265 3442 0	3265 3441 0	Open Gate 24565			The Dig Site			2	
# Fossil Island north rowboat									
3733 3894 0	3764 3899 0	Travel Rowboat 30915						3	
3733 3893 0	3764 3899 0	Travel Rowboat 30915						3	
# Brass key door									
3115 3449 0	3115 3450 0	Open Door 1804		BRASS_KEY=1				1	
3115 3450 0	3115 3449 0	Open Door 1804		BRASS_KEY=1				1	
# Black Knights' Fortress									
3007 3516 0	3008 3516 0	Open Large door 73						1	
3008 3516 0	3007 3516 0	Open Large door 73						1	
3016 3514 0	3016 3515 0	Open Sturdy door 2337						1	
3016 3515 0	3016 3514 0	Open Sturdy door 2337						1	
3019 3515 0	3020 3515 0	Open Door 2338						1	
3020 3515 0	3019 3515 0	Open Door 2338						1	
3016 3516 0	3016 3517 0	Push Wall 2341						1	
3016 3517 0	3016 3516 0	Push Wall 2341						1	
3015 3517 0	3015 3517 1	Climb-up Ladder 17148						1	
3015 3517 1	3015 3517 0	Climb-down Ladder 17149						1	
3025 3511 1	3026 3511 1	Open Sturdy door 2339						1	
3026 3511 1	3025 3511 1	Open Sturdy door 2339						1	
3019 3515 1	3020 3515 1	Open Door 14749						1	
3020 3515 1	3019 3515 1	Open Door 14749						1	
3017 3515 1	3017 3515 2	Climb-up Ladder 17148						1	
3017 3515 2	3017 3515 1	Climb-down Ladder 17149						1	
3016 3518 1	3016 3518 2	Climb-up Ladder 17148						1	
3016 3518 2	3016 3518 1	Climb-down Ladder 17149						1	
2952 5762 0	2998 3494 0	Exit Ruins Exit 41446						1	
# Corsair Cove gangplank									
2578 2839 0	2578 2837 1	Cross Gangplank 31756						1	
2578 2837 1	2578 2839 0	Cross Gangplank 31756						1	
# Corsair Cove, Rimmington									
2574 2835 1	2909 3229 1	Travel Cabin Boy Colin 7967			The Corsair Curse			6	
# Ice Mountain ruins									
2953 5764 0	2998 3494 0	Exit Ruins exit 41446						1	
2998 3494 0	2953 5764 0	Enter Ruins entrance 41439						1	
# Rantz Cave									
2630 2997 0	2647 9378 0	Enter Cave entrance 3379						1	
2647 9378 0	2629 2997 0	Walk-through Cave exit 3381						1	
# Combat Training Camp Ogre Pen									
2522 3375 0	2523 3375 0	Squeeze-through Loose Railing 19171			Biohazard			5	
2523 3375 0	2522 3375 0	Squeeze-through Loose Railing 19171			Biohazard			5	
# Chambers of Xeric
# Lobby passage
3270 5200 3	3266 5200 3	Enter Passage 29789						2	
3266 5200 3	3270 5200 3	Enter Passage 29789						2	
# Room passages
3311 5305 3	3311 5309 3	Enter Passage 29789						2	
3311 5309 3	3311 5305 3	Enter Passage 29789						2	
3350 5366 3	3354 5366 3	Enter Passage 29789						2	
3354 5366 3	3350 5366 3	Enter Passage 29789						2	
3310 5369 3	3310 5373 3	Enter Passage 29789						2	
3310 5373 3	3310 5369 3	Enter Passage 29789						2	
3312 5275 3	3312 5279 3	Enter Passage 29789						2	
3312 5279 3	3312 5275 3	Enter Passage 29789						2	
3276 5155 3	3276 5159 3	Enter Passage 29789						2	
3276 5159 3	3276 5155 3	Enter Passage 29789						2	
# Spirit tendrils
3311 5250 3	3311 5252 3	Pass Spirit tendrils 29768						2	
3311 5252 3	3311 5250 3	Pass Spirit tendrils 29768						2	
# Floor 1 to floor 2
3277 5168 3	3280 5710 2	Enter Hole 29734						2	
3280 5710 2	3277 5168 3	Climb-up Rope 29831						2	
